https://www.youtube.com/watch?v=b7s1rcog6Hg,tieng chim cu van moi trong chuan file mp3 khong tap am youtube
https://www.youtube.com/watch?v=8swRDtp4ucM,tieng chim cu xanh hu goi bay chuan nhat mp3 vo kenh co loai khac neu anh em nghe khong giong youtube
https://www.youtube.com/watch?v=lMclKh3Y-fo,cu ngoi tieng cu ngoi nau goi bay dung de bay luoi youtube
https://www.youtube.com/watch?v=ldfbTd0k95M,tieng chim cu xanh cu dat moi chuan den nhanh youtube
https://www.youtube.com/watch?v=HSVtww7qPoc,bird song cu gay dong gu cuc hay mung khach quy den nha youtube
https://www.youtube.com/watch?v=ljEYRYsp8pM,chim cu gay giong tho dong thuc boi youtube
https://www.youtube.com/watch?v=vNhHVfLFq6w,chim cu gay giong tho bau du bai cu gay giong tho dac youtube
https://www.youtube.com/watch?v=AG4YmOZDIPA,tieng cu gay tho sam chim cu gay gu dau va thuc bai ban giong sam tho youtube
https://www.youtube.com/watch?v=m71UwB4SRUc,cu gay giong tho dac tho sam thuc gu kem boi cuc chuan cu gay kich boi nhanh noi youtube
https://www.youtube.com/watch?v=IX63acnmbew,chim cu gaytieng cu gay giong tho pha dao giong tieng tot kich boi nhanh noicu dat gaycu gay youtube
https://www.youtube.com/watch?v=ASpjQlPr1hQ,chim cu gay giong tho ren cu gay giong tho dac youtube
https://www.youtube.com/watch?v=ROMGoSXrg0w,tieng cu gay goi chieu gu giong dong sat boi ho tro ae cu thu di bay tet 2023 nghe la gay 100 youtube
https://www.youtube.com/watch?v=ttnkbbB7kiE,tieng chim cu gay moi dat gay goi kich boi nhanh noi hieu qua nhat mo len chim non tap gay theo youtube
https://www.youtube.com/watch?v=DDXCDcXXfNI,bay cu gay moi cay boi e da lap cong youtube
https://www.youtube.com/watch?v=rYfq4PCko8s,cu gay kich boi nhanh noi cu gay moi cay thucgu kich boikich moi dien mau nhanh gay youtube
https://www.youtube.com/watch?v=xtw6OW8Et-g,cu gay moi tran hay youtube
https://www.youtube.com/watch?v=9kAhq3JWIlI,chim cu gay mai moi gay goi kich boi 2021 40 youtube
https://www.youtube.com/watch?v=wp5a8lQflBs,tieng chim cu gay goi bay am thanh di bay youtube
https://www.youtube.com/watch?v=fe8JJCU_Ttg,tieng chim cu gay kich boi 3 hau cu gay goi 3 cot kich boi nghe la gay youtube
https://www.youtube.com/watch?v=g5mCEMfc96M,tieng chim cu gay mai youtube
https://www.youtube.com/watch?v=GFWg20hW8qA,tieng chim cu gay goi con mai youtube
https://www.youtube.com/watch?v=vARraC7CmzE,cu gay mai thuc kich trong kich trong uc che cu mai gay cu mai youtube
https://www.youtube.com/watch?v=3CSUOB6TA-I,cu gay mp3 thuc gu kich moi cuc cang 30 phut tieng cu gay kich boi nhanh noi p342021 youtube
https://www.youtube.com/watch?v=na-C1q_2bSU,cu gay ca lam gu chong dau ndmt 20141215 175846 youtube
https://www.youtube.com/watch?v=7CDoT0htU3g,tieng chim cu gay gu ca lam gay thuc gu kich boi cu gay moi ca lam chim cu gay gu ca lam youtube
https://www.youtube.com/watch?v=II5ARQfxxXI,tieng cu gay goi giong hop boi kich boi nhanh noi cu gay giong dong son kich moi rat hieu qua youtube
https://www.youtube.com/watch?v=Qlk8PsvfZYg,chim cu gay giong kim dong kich boi nghe rat nhay hieu qua 100 youtube
https://www.youtube.com/watch?v=QIQ0Wfu9RUI,tieng cu gay goi giong sam dong thuc gu sam tho youtube
https://www.youtube.com/watch?v=OEsWHCt_9og,chim cu gay giong chuong dong gay goi boi nghe la ve youtube
https://www.youtube.com/watch?v=Deo4jDFmqTk,cu thai gay giong tho dong youtube
https://www.youtube.com/watch?v=jItpi2gEFUs,tieng chim cu gay thuc gu kich boi len lua cuc chuan youtube
https://www.youtube.com/watch?v=2Ng6yaLE7vE,tieng chim cu trong gay chuan vang kich boi nghe la gay chimcutv youtube