youtube_url,mp4_filenames
https://www.youtube.com/watch?v=zR2Yzu2XD2Q,tieng-chim-de-giun-goi-bay-chuan
https://www.youtube.com/watch?v=S6-6myr1_Nk,tieng-chim-re-giun-moi-cuc-chuan-thu-hut-chim
https://www.youtube.com/watch?v=zscSzZFwbD0,tieng-chim-ri-ban-moi-nhat-co-tieng-goi-va-tieng-ru-xuong
https://www.youtube.com/watch?v=bHjFzio4Wnc,tieng-chim-ri-goi-bay-sieu-toc-do
https://www.youtube.com/watch?v=453BXSWzC5Q,tieng-chim-ri-moi-goi-dan-cuc-hay-mp3
https://www.youtube.com/watch?v=Od81kVYPc5c,tieng-chim-ri-den-moi-file-am-thanh-chim-moi-chuan-nhat
https://www.youtube.com/watch?v=jXirCkGbX9U,tie-ng-chim-ri-non
https://www.youtube.com/watch?v=sFm4AWD9eQM,tieng-chim-ri-sac-o-moi-keu-chuan-goi-bay
https://www.youtube.com/watch?v=HOhELf2-Cog,hoa-mi-trong-mai-hot-solo-kich-boi-hoa-mi-hot-voi-giong-ga-gay-doc-la-kem-tieng-mai-xuy-kich-trong
https://www.youtube.com/watch?v=Mf2zDV1U4vw,hoa-mi-mai-hot-lien-tuc-thuc-trong-cang-lua-hot-nhieu
https://www.youtube.com/watch?v=FIDas4w6Jy4,hoa-mi-trong-mai-hot-cuc-hay-kem-tieng-chim-mai-xuy-cuc-chat
https://www.youtube.com/watch?v=kZ7N_nVdPbs,tieng-chim-hoa-mi-dat-hot-cuc-dinh
https://www.youtube.com/watch?v=Fhu6Zv7y608,hoa-mi-hot-dau-chat-giong-rung-cuc-hay-khong-pha-tap
https://www.youtube.com/watch?v=Qt_Eb-ZWHzc,hoa-mi-hot-hay-nhieu-giong-hot-ca-ngay
https://www.youtube.com/watch?v=YGB6d-v0RHI,30-phut-hoa-mi-mai-xuy-kich-trong-hay-nhat
https://www.youtube.com/watch?v=k4T-ozpMD-4,chim-hoa-mi-mai-moi-xuy-lien-tuc-thuc-chim-trong-boi-mau-ra-giong-hot-hay
https://www.youtube.com/watch?v=IIMHC-2XerI,hoa-mi-hot-giong-rung-hay-nhat-vinh-bac-bo
https://www.youtube.com/watch?v=jJlNtKPCvfY,tieng-chim-yen-hot-hay
https://www.youtube.com/watch?v=KJUSjtcGSgc,chim-yen-phung-hot-goi-nhau-tuyet-hay
https://www.youtube.com/watch?v=7EG0r7gWKSw,am-thanh-du-chim-yen-ngoai-troi-dai-gan-60-phut
https://www.youtube.com/watch?v=7YmP1O3AZBg,tieng-chim-yen-malaysia-chuan
https://www.youtube.com/watch?v=Ak6IAYwGOqM,tieng-chim-yen-moi-tieng-goi-goc-cua-chim-yen-tu-thien-nhien
https://www.youtube.com/watch?v=I-RLtGrW-aY,am-thanh-test-chim-yen
https://www.youtube.com/watch?v=es-VeLf8k30,yen-hot-timbrado-hot-kich-giong-hay-keu-nhu-may
https://www.youtube.com/watch?v=d-ewwxZVvmM,yen-hot-agate-mat-do-ca-cai-luong
https://www.youtube.com/watch?v=qM4p0RXvjWw,chim-hoang-yen-hot-du-mai
https://www.youtube.com/watch?v=cYebhEZJ9L4,chim-hoang-yen-hot-dau-hay-nhat
https://www.youtube.com/watch?v=eWhOMij46AE,tieng-chim-yen-phung-keu-goi-ban
https://www.youtube.com/watch?v=r-1q6kI5EaU,chim-chien-chien-hot-hay-giong-ngan-dai-nhat
https://www.youtube.com/watch?v=36wQJh45YJI,chim-son-ca-hot-kich-boi-lam-moi
https://www.youtube.com/watch?v=O8JXEw4CDMk,tieng-chim-son-ca-hot-giong-rung-cuc-chuan
https://www.youtube.com/watch?v=9ECU41oHRqc,chim-thanh-tuoc-hot-nhieu-giong-sieu-hay
https://www.youtube.com/watch?v=ntzFajXVXhM,tieng-thanh-tuoc-trung-quoc-mai-dung-de-bay-boi
https://www.youtube.com/watch?v=KUKMQMMavdY,thanh-tuoc-trung-quoc-mai-hot-chuan-kich-trong-cam-lua
https://www.youtube.com/watch?v=W2cRC0KwLYQ,xanh-tim-hot-dau-mua-duoi
https://www.youtube.com/watch?v=jDdJBTWY4_c,tieng-chim-yeng-hot-dung-de-luyen-giong
https://www.youtube.com/watch?v=IcT6WP2AoX8,luyen-chim-yeng-noi-chao-khach
https://www.youtube.com/watch?v=750egn1qIkA,tieng-keu-cua-chim-chuong-trang-co-kha-nang-lam-thung-mang-nhi-con-nguoi
https://www.youtube.com/watch?v=LzToObSCkXo,tieng-chim-tieu-mi-trong-mai
https://www.youtube.com/watch?v=QaxFUJ7JO2k,tieu-mi-mai-hot-kich-trong
https://www.youtube.com/watch?v=CrNiWFA2HW4,tieng-chim-tieu-mi-gia-rung-giong-luyen-lay-cuc-dinh-hot-goi-ban
https://www.youtube.com/watch?v=eoP8_JHJJSc,kich-tieu-mi-hot-dau-3-cap-do-cho-tung-giai-doan-cua-chim-giup-chim-khong-bi-hoang
https://www.youtube.com/watch?v=OGD1zvWhvWo,chim-que-lam-hot-hay-nhat-moi-bay-chuan
https://www.youtube.com/watch?v=9hX7sStkOfY,chim-que-lam-mai-hot-thuc-trong
https://www.youtube.com/watch?v=LSLjm7eCMQk,tieng-hot-chim-dop-ruoi-xanh
https://www.youtube.com/watch?v=swSK8qCuFko,tieng-chim-goi-vit-moi-chuan-goi-boi-cuc-tot
https://www.youtube.com/watch?v=3bJsI7Xvxl0,tieng-chim-hong-tuoc-hot-hay
https://www.youtube.com/watch?v=h0B0qetxE7c,hong-tuoc-mai-hot-kich-trong-hieu-qua
https://www.youtube.com/watch?v=meNVMv2raSI,chim-cuong-hot-nghe-me-ly-ngam-thu-gian
https://www.youtube.com/watch?v=HTVowrxq0O4,luyen-chim-cuong-noi-chao-khach
https://www.youtube.com/watch?v=9MT3BTouJjc,tieng-hot-chim-cuong-goi-bay
https://www.youtube.com/watch?v=7spvtm2_j-M,tieng-chim-lua-hot-hay
https://www.youtube.com/watch?v=9QPpeZEdSUs,tieng-chim-oanh-duoi-trang-hot-moi-kich-boi
https://www.youtube.com/watch?v=IS9akpb78yM,tieng-chim-hoang-oanh-hot-hay
https://www.youtube.com/watch?v=tgp1ym4Zl84,tieng-chim-oanh-co-do-moi-chuan
https://www.youtube.com/watch?v=OO-RHqxwGn4,tieng-chim-cheo-beo-moi-chuan-nhat
https://www.youtube.com/watch?v=h9rcqEZndec,tieng-chim-cheo-beo-duoi-co-hot-cang-lua
https://www.youtube.com/watch?v=pSUlgMRwOMk,tieng-chim-cheo-beo-goi-bay-cuc-nhay
https://www.youtube.com/watch?v=JMI1jTRpC9s,chim-cheo-beo-duoi-ca-hot-hay
https://www.youtube.com/watch?v=3fwYTymhu00,tieng-chim-cu-meo-chuan-nhat
https://www.youtube.com/watch?v=Nsby-bFnmyI,tieng-chim-chang-nghich-moi-kem-tieng-chim-con
https://www.youtube.com/watch?v=ogD2-cHcBjU,tie-ng-chim-cha-ng-nghi-ch-mo-i-chua-n-nha-t
https://www.youtube.com/watch?v=pPxjml3T6_Y,tieng-chang-nghich-mat-do-goi-bay-ban-huy-diet-an-nhat
https://www.youtube.com/watch?v=P63GBO7BgMg,tieng-chim-bach-thanh-hot-hay
https://www.youtube.com/watch?v=FTzB-P1LQng,tieng-chim-boi-ca-ngoai-tu-nhien
https://www.youtube.com/watch?v=R_gKjn-USSI,tieng-chim-boi-ca-chai-chai-sa-sa-goi-dan-nghe-la-toi
https://www.youtube.com/watch?v=VdHbYsr3CEs,tieng-chim-boi-ca-moi-cuc-chuan
https://www.youtube.com/watch?v=OgtGhwnpJeI,tieng-chim-bong-lau-hay-cuc-chuan
https://www.youtube.com/watch?v=VDRJHlHE13o,tieng-chim-bong-lau-moi-goi-dan-cuc-chuan-mp3
https://www.youtube.com/watch?v=5Gf2Mivdtlw,tieng-chim-ca-kheo-chan-huong
https://www.youtube.com/watch?v=mWiD03iJC4Y,tieng-chim-cao-cat-hong-hoang
https://www.youtube.com/watch?v=90TbHc-QshE,tieng-chim-cat-goi-dan-chuan-nhat
https://www.youtube.com/watch?v=ZBK8kE7wLkU,tieng-chim-bo-cat-keu-moi-chuan
https://www.youtube.com/watch?v=sN4fDEs9GNw,tieng-chim-khach-keu-bay
https://www.youtube.com/watch?v=sKgGq4AXQIw,tieng-chim-khach-moi-chuan
https://www.youtube.com/watch?v=8Jy_ewWejmA,tieng-chim-thanh-lam-hot-kich-boi
https://www.youtube.com/watch?v=qjVcAQ9rd-o,tieng-co-keu-cuu-cuc-hap-dan
https://www.youtube.com/watch?v=eiXyyIHsimo,tieng-co-lua-chuan-danh-dem
https://www.youtube.com/watch?v=eR4dwmUT4Hs,tieng-co-huong-co-lua-goi-bay-danh-luoi-chuan
https://www.youtube.com/watch?v=EYA_9rqazUo,tieng-co-vac-danh-luoi-dem-danh-an-cuc-manh
https://www.youtube.com/watch?v=idbWMKIDuLw,tieng-co-ma-goi-bay-dung-am-thanh-bay-hieu-qua-cao
https://www.youtube.com/watch?v=JG6ShJavCTA,tieng-co-do-goi-bay-danh-luoi-chuan
https://www.youtube.com/watch?v=ASfIMgtO9cQ,tieng-co-bo-bay-luoi-bay-keo-va-moi-gia
https://www.youtube.com/watch?v=ptsCd81DQzo,tieng-co-lep-chuan
https://www.youtube.com/watch?v=Gqx9uFFEdro,tieng-co-lua-moi-chuan-danh-luoi-dem
https://www.youtube.com/watch?v=H9Z-orubnsg,tieng-chim-co-bo-quai-quai-goi-bay-am-thanh-dung-de-bay
https://www.youtube.com/watch?v=kkbCooLnbQs,tieng-co-trang-goi-bay
https://www.youtube.com/watch?v=xEH2TEmgDnw,tieng-chim-cong-keu-am-thanh-cong-goi-bay
https://www.youtube.com/watch?v=4mZiQh2ytvY,tieng-chim-cut-moi-chuan
https://www.youtube.com/watch?v=qUGlSugBx38,tieng-diec-xam-goi-bay-chuan
https://www.youtube.com/watch?v=dRIBFx3jzYs,tieng-diec-moi-chuan
https://www.youtube.com/watch?v=BqzwdQSx7ho,tieng-dieu-hau-moi
https://www.youtube.com/watch?v=nHxYN8SL4w8,tieng-dieu-hau-san-moi-duoi-chim-hieu-qua
https://www.youtube.com/watch?v=-Ouhohj6W5M,tieng-dai-bang-keu
https://www.youtube.com/watch?v=0VimSOWidDc,nhac-chuong-tieng-dai-bang-hay
https://www.youtube.com/watch?v=7mkdLy3_JkU,tieng-dai-bang-nui-chuan
https://www.youtube.com/watch?v=DIso2lWkSFU,tieng-cum-num-keu-chuan
https://www.youtube.com/watch?v=1671fFQxJHM,tieng-cum-num-thai-lan-goi-bay
https://www.youtube.com/watch?v=TY8E8rwc2RI,tieng-cum-num-mai-di-bay
https://www.youtube.com/watch?v=gBuYXzDBr8M,tieng-cum-num-moi-cuc-nhay
https://www.youtube.com/watch?v=e-8doqZQm1Y,tieng-ga-loi-hay
https://www.youtube.com/watch?v=gmGSaCTEFYE,tieng-ga-loi-rung-chuan
https://www.youtube.com/watch?v=3RgLuj07a4I,tieng-ga-loi-trang-goi-dan-chuan-nhat
https://www.youtube.com/watch?v=RH2pSBHejKk,tieng-ga-nuoc-tuc-cham-ve-dem
https://www.youtube.com/watch?v=SAR-ThbT-lE,tieng-ga-nuoc-mai-sieu-nhay
https://www.youtube.com/watch?v=qhy0LAtnHqk,tieng-ga-nuoc-moi-kem-tieng-vac-chuyen-danh-luoi-dem
https://www.youtube.com/watch?v=GMQF-fPNBBQ,tieng-ga-nuoc-an-do-sieu-hay
https://www.youtube.com/watch?v=eNOceo4-LfE,tieng-gay-cua-nhung-con-ga-tre
https://www.youtube.com/watch?v=uJJKnJfwEMI,tieng-ga-tre-rung-gay-hay
https://www.youtube.com/watch?v=svgwwu8GU20,tieng-ga-rung-gay-am-tho
https://www.youtube.com/watch?v=x0MFVnjt8Uk,tieng-ga-mai-rung-keu-kich-boi-cuc-nhay
https://www.youtube.com/watch?v=iVbtXFGRB-k,tieng-ga-rung-moi-gay-cuc-chuan
https://www.youtube.com/watch?v=bXPM0Jkr44I,tieng-ga-mai-rung-cuc-tac-goi-boi
https://www.youtube.com/watch?v=jHVymDEEYag,tieng-ga-trong-rung-gay-moi-chuan-danh-cho-loa-bay
https://www.youtube.com/watch?v=HMAk-_TU1NE,tieng-ga-so-hay-nhat
https://www.youtube.com/watch?v=_ncu1pcR-Pw,tieng-ga-so-nui-keu-moi-chuan
https://www.youtube.com/watch?v=ptuyycFsy8o,tieng-ga-so-moi-cuc-nhay
https://www.youtube.com/watch?v=UG1yKQnNAT8,tieng-chim-go-kien-keu-moi-chuan
https://www.youtube.com/watch?v=Kp4WmhHgLUw,tieng-chim-hai-au-keu-chuan
https://www.youtube.com/watch?v=HvGP6_jbPQs,tieng-chim-hoet-keu-am-chuan
https://www.youtube.com/watch?v=NKryMIy-LeI,tieng-chim-hoet-den-goi-dan-mo-loa-la-toi
https://www.youtube.com/watch?v=wzhBiEvB1do,giong-hot-chim-vang-anh-moi-chuan
https://www.youtube.com/watch?v=uUKHAiI-470,chim-vang-anh-mai-hot-giong-rung
https://www.youtube.com/watch?v=CWdUozs4TEc,tieng-chim-phuon-keu-goi-bay
https://www.youtube.com/watch?v=KgAfEEy6HhY,tieng-qua-keu-hay
https://www.youtube.com/watch?v=56qn5MRucpM,tieng-qua-keu-hai-huoc
https://www.youtube.com/watch?v=lCjyNW_fg10,qua-noi-tieng-nguoi-dang-cap
https://www.youtube.com/watch?v=JPqU6fVcUwU,nhac-chuong-tin-nhan-tieng-qua-keu
https://www.youtube.com/watch?v=A8t1Iq-pN_4,tieng-qua-keu-sound-effect
https://www.youtube.com/watch?v=QSYJ628H-DU,tieng-sam-cam-chuan
https://www.youtube.com/watch?v=-dKL0bFChhs,tieng-sam-cam-goi-bay-cuc-chuan
https://www.youtube.com/watch?v=k7l-d9KS0Sg,tieng-chim-te-te-goi-bay-chuan-tieng-chim-di-cu-tieng-chim-bay-luoi-dem
https://www.youtube.com/watch?v=VBcIVdNjZos,tieng-chim-te-te-mo-vang-chan-vang
https://www.youtube.com/watch?v=TCp05tx7LW4,tieng-chim-te-te-quach-moi-chuan
https://www.youtube.com/watch?v=pdTixHz2vGM,tieng-chim-ung-moi-chuan
https://www.youtube.com/watch?v=18ypWQS7w0g,tie-ng-chim-phuo-ng-hoa-ng-keu-go-i-da-n
https://www.youtube.com/watch?v=cLtIZabURLI,tieng-chim-phuong-hoang-dat-hot-dung-di-bay
https://www.youtube.com/watch?v=nEbo0pOClak,chim-nhong-hot-tieng-chuan
https://www.youtube.com/watch?v=l5z2l7GsBa4,day-chim-noi-nha-co-khach
https://www.youtube.com/watch?v=CsaBU-anN_M,tieng-chim-bo-cau-gay-keu-moi
https://www.youtube.com/watch?v=XDLLBDklc-8,tieng-chim-bo-cau-rung-moi-cuc-chuan
https://www.youtube.com/watch?v=6IyZLTIcy5U,tieng-duoi-chim-bo-cau-hieu-qua
https://www.youtube.com/watch?v=Q7m0v3b8UTQ,tieng-chim-bo-cau-gu-mai
https://www.youtube.com/watch?v=577ghS0Y11U,tieng-bo-cau-moi-cuc-nhay
https://www.youtube.com/watch?v=3QRbGccC6Ts,tieng-chim-bo-cau-goi-bay-chuan
https://www.youtube.com/watch?v=r42dNiScGGo,chim-re-quat-mua-dep-hot-hay
https://www.youtube.com/watch?v=f5hS4KqUx5o,tieng-chim-le-le-moi-nhat-cho-nhung-nguoi-danh-luoi-dem
https://www.youtube.com/watch?v=mSfbYbLoK2Y,tieng-le-le-nau-goi-bay-chuan-nhat
https://www.youtube.com/watch?v=mPgWyHF0NuM,tieng-chim-le-le-goi-bay-chuan
https://www.youtube.com/watch?v=wPNIKtX4Yb0,tieng-chim-hong-hanh-chuan-rung-viet-nam
https://www.youtube.com/watch?v=skmqtbBX9IM,tieng-chim-choc-quach-keu-chuan-nhu-moi-danh-chim-sap-bay
https://www.youtube.com/watch?v=RywjTOw_Rpw,tieng-chim-choc-quach-con-goi-me
https://www.youtube.com/watch?v=0voblNhzsSo,chim-hoa-tien-vip-hot-dau-giong-cuc-gat-kich-chim-rat-mau-noi
https://www.youtube.com/watch?v=cLsOEWzGMhk,tieng-chim-vang-nghe-goi-bay-kich-moi
https://www.youtube.com/watch?v=J3JJ1FMU2BM,tieng-chim-manh-manh-hot-hay
https://www.youtube.com/watch?v=q-rWv1aNAsI,tieng-chim-hec-xoan-moi-dau-dan-chuan
https://www.youtube.com/watch?v=NtcJAjzpbMI,tieng-chim-cham-cuc-hay
https://www.youtube.com/watch?v=1gGf29ZqjE8,tieng-chim-doi-mu-goi-bay-hay-nhat
https://www.youtube.com/watch?v=MKy7bmHkvVM,tieng-chim-oc-cao-moi-chuan
https://www.youtube.com/watch?v=MkAB_EZelvI,tieng-chim-mat-xeo-2023-thang-3-hieu-qua-an-chim-moi-nhat-danh-cho-tat-ca-ae-nam-dong-suong-gio
https://www.youtube.com/watch?v=kWCEoKcBXfg,tieng-chim-mat-xeo-moi
https://www.youtube.com/watch?v=ZP5jUk7xghc,tieng-chim-mat-xeo-goi-bay-moi-nhat-khong-tap-am-file-danh-dem
https://www.youtube.com/watch?v=JMp9elEbkKo,tieng-chim-hoet-den-keu-moi-chuan-2020
https://www.youtube.com/watch?v=pdTixHz2vGM,tieng-chim-ung-dai-bang-keu-moi-chuan-2020
https://www.youtube.com/watch?v=UK2B_rKDRSQ,tieng-bo-chao-lieu-tieu-lieu-dieu-goi-dan
https://www.youtube.com/watch?v=Kb6Ncuq4Sgk,chim-lieu-dieu-bo-chao-moi-tieng-chim-moi-chuan-cho-anh-em-san-bay-tung-nghe-an-0987478009
https://www.youtube.com/watch?v=s33DEPJsPco,tieng-chim-thien-duong
https://www.youtube.com/watch?v=GPGoAjGn2-w,tieng-keu-dong-vat-hinh-anh-va-tieng-keu-cua-con-chim-seu-sounds-and-image-of-crane
https://www.youtube.com/watch?v=D04L9aZei4E,tieng-chim-hong-tuoc-hot-hay-chuan
https://www.youtube.com/watch?v=KEZ9MNAhfrw,hoang-tuoc-hot-kich-boi-cuc-chat-dam-me-doc-la
https://www.youtube.com/watch?v=GnmCUN3sShs,tieng-choe-than-mai-kich-trong-cang-lua-moi-2019
https://www.youtube.com/watch?v=rjpIDOmdILw,choe-than-hot-hay-hot-dau-kich-boi-mo-mo-chim-chich-choe-than-chim-chia-voi-hot
https://www.youtube.com/watch?v=Grw2hNM_qDg,choe-than-mai-huyt-kem-thuc-trong-choe-than-mai-kich-trong-cang-lua-chim-chich-choe-than-mai-hot
https://www.youtube.com/watch?v=1E1E_heGwGo,tieng-chim-chia-voi-chich-choe-hot-chuan-2020
https://www.youtube.com/watch?v=0ABmwV8wbcc,chim-chia-voi-mai-nha-chim-canh-dat-viet
https://www.youtube.com/watch?v=PdngPDd7lxc,tieng-chim-chia-voi-moi-chuan-co-file-mp3
https://www.youtube.com/watch?v=IrKaDcR0-Ww,tie-ng-chim-chia-voi-tra-ng-go-i-ba-y-chua-n-nha-t
https://www.youtube.com/watch?v=sPT0YI3dxHg,tieng-chim-chia-voi-moi-chich-choe-than-moi-mp3
https://www.youtube.com/watch?v=I0EMsdTxo5Q,chim-chuoi-tieu-keu-cuu-chuan-moi-noog-nplib-koog-quaj
https://www.youtube.com/watch?v=wfNTKJ2t_HE,tieng-chim-ti-ni-mat-do-chuan-tieng-mat-do-keu-chuan-cau-ca-va-san-bay
https://www.youtube.com/watch?v=mjcSEOXD8fw,tieng-chim-nhat-hoa-cang-cuoc-2019
https://www.youtube.com/watch?v=W4plc_DUxJY,chim-bac-mase-da-goi-bay-hot-cuc-hay
https://www.youtube.com/watch?v=bHjFzio4Wnc,tieng-chim-ri-ri-vang-goi-bay-sieu-toc-do-file-1-kenh-bay-chim
https://www.youtube.com/watch?v=u89Kqf1ZOi0,tieng-chim-nhanbay-chim-ok
https://www.youtube.com/watch?v=V4bSXO8F83U,tieng-chim-ri-sac-o-moi-hot-chuan-bay-moi-nhat
https://www.youtube.com/watch?v=iJBESnQ_xiw,birds-society-tieng-chim-sac-nhat-abino-cuc-hay
https://www.youtube.com/watch?v=-_S2Kk4Wt0o,tieng-chim-hoanh-hoach-vang-chao-chao-dau-voi-chim-boi-rung-mp4-cuc-hay
https://www.youtube.com/watch?v=xFEBeXgv5pM,tieng-chim-sau-xanh-hot-vang-ko-tap-am
https://www.youtube.com/watch?v=IpeJ3CIzQ9Y,tieng-chim-sau-xanh-moi-hot-rung-troi
https://www.youtube.com/watch?v=8H91k1Z-HwM,tieng-chim-sau-xanh-mai-hot-mp3-dicaeidae-mp3
https://www.youtube.com/watch?v=kY7DR_ASeoY,tieng-chim-sau-dau-do-moi-tieng-chim-sau-dau-do-sau-dau-do-hot-tieng-hot-tv
https://www.youtube.com/watch?v=YUuLlHFmGIc,sau-dau-do-mai-ro-kich-trong-giong-moi-hay
https://www.youtube.com/watch?v=0YCEk65pKBc,ep-giong-ak-povik-sau-dau-do-chuyen-xanh-bird-redheaded-worm
https://www.youtube.com/watch?v=Tv4gnrOx-ms,tieng-chim-sau-dau-do-trong-hot-dau-cuc-cang
https://www.youtube.com/watch?v=fUe5oIvzBhs,tieng-chim-huyt-co-moi-chim-huyt-co-hot-goi-bay-kich-moi-chim-huyt-co
https://www.youtube.com/watch?v=S-dvruGsQuQ,tieng-chim-sau-dua-trong-mo-la-hot
https://www.youtube.com/watch?v=lGSKaaHnHUE,tieng-chim-sau-lac
https://www.youtube.com/watch?v=5WHZfsRNNKk,tieng-chim-hut-mat-nam-mau
https://www.youtube.com/watch?v=qqHiIoI9e9M,tieng-chim-hut-mat-5-mau-moi-cuc-sung-dung-bay-loa
https://www.youtube.com/watch?v=GiRXPamMSKc,tie-ng-hu-t-ma-t-5-ma-u-li-u-da-u-go-i-bo-i-hie-u-qua-nha-t-2021-1-hour
https://www.youtube.com/watch?v=csbtQAmZtBY,dinh-cao-cua-chim-hut-mat-7-mau-choi-qua-phe
https://www.youtube.com/watch?v=bkOcONAj8EE,tieng-chim-hut-mat-5-mau-mai-moi-cuc-chuan-dung-de-danh-loa
https://www.youtube.com/watch?v=9RD4rdNKRHg,tie-ng-xanh-ti-m-mo-i-chua-n-nha-t-2021-1-hour-khong-qua-ng-ca-o
https://www.youtube.com/watch?v=8juxDU5MV0c,cach-cham-soc-chim-xanh-tim-hot-dau-xanhtim-chimxanhtim
https://www.youtube.com/watch?v=cLsOEWzGMhk,tieng-chim-huyt-co-moi-goi-bay-kich-moi
https://www.youtube.com/watch?v=RgkUYKfRIFA,tieng-huyt-co-mai-siei-dam-dang-kich-trong-phe-khong-chiu-noi
https://www.youtube.com/watch?v=BkPJKjwGrPY,tieng-chim-huyt-co-moi-hot-dau-kich-chim-boi-moi-nhanh-hot
https://www.youtube.com/watch?v=G-yq6GlPMFU,tieng-huyt-co-mai-moi-sieu-kich-chuan-mp3-khong-tap-am-kich-trong-sieu-phe-co-lik-mp3-ben-duoi
https://www.youtube.com/watch?v=HGwBQg16lac,chim-chich-bong-chim-chich-bong-hot-cuc-hay-cotton-warbler
https://www.youtube.com/watch?v=41zlLBU7ckY,vanh-khuyen-liu-dau-kich-lua-vanh-khuyen-liu-dau-sieu-hay-khuyen-liu-kich-boi-khuyen-liu-bird
https://www.youtube.com/watch?v=15n0nuTUaCg,chim-khuyen-hot-dau-dac-sac-moi-nhat
https://www.youtube.com/watch?v=SrRkxlbp0No,khuyen-liu-kich-boi-vanh-khuyen-liu-dau-sieu-hay-kich-lua-vanh-khuyen-liu-dau-khuyen-liu-chim
https://www.youtube.com/watch?v=NPFCq4QfquM,khuyen-mai-kich-thich-chim-trong-hot-liu-vip
https://www.youtube.com/watch?v=6EASihqfGWI,vanh-khuyen-6-nam-long-hot-chuyen-hay-nhat-vung-tay-bac-nhai-giong-cac-loai-chim-khacs-ktb
https://www.youtube.com/watch?v=vwYrsyHWEJM,chim-khuyen-liu-hot-cuc-dinh
https://www.youtube.com/watch?v=JkU697a-rZ4,khuyen-mai-to-kich-boi-nhanh-cang-lua-moi-ngay-ktb
https://www.youtube.com/watch?v=4KbE1aVkN08,khuyen-liu-hot-nghe-cuc-phe-luyen-giong-khuyen-trong-liu-hot-moi-ngay
https://www.youtube.com/watch?v=EBYzmgGo_uA,khuyen-mai-to-kich-lua-nhanh-cang-liu-ben-file-danh-cho-boi-moc-da-on-dinh-thuc-len-liu-nhanh-ktb
https://www.youtube.com/watch?v=e-qwVfi7wTY,kich-khuyen-chuyen-xoe-file-khuyen-chuyen-tuan-mi
https://www.youtube.com/watch?v=cbAiz89hZfk,tieng-khuyen-moi-liu-goi-dan-mp3-tieng-chim-vanh-khuyen-bay
https://www.youtube.com/watch?v=h_hVN5k7v-I,luyen-khuyen-liu-choe-100-thanh-cong-giong-khuyen-moi-clb-chim-canh-dat-viet-ep09
https://www.youtube.com/watch?v=fdL0Tj-GNcM,khuyen-moc-keu-re-re
https://www.youtube.com/watch?v=tJ2wYYcXEmo,tieng-khuyen-moi-liu-du-boi-nghe-la-toi-danh-ktb
https://www.youtube.com/watch?v=GetMPEYe0Jk,tieng-khuyen-goi-bay
https://www.youtube.com/watch?v=DW5ap3WEd3k,choe-than-hot-chuan-giong-nui-rung-kich-choe-than-hot-dau-luyen-giong-choe-than-kacer-choethan
https://www.youtube.com/watch?v=pKpRcQ8So9Q,kich-choe-lua-hot-dau-choe-lua-hot-day-nhieu-giong-dap-duoi-san-cau-20-kich-lua-hot-cang-muraibatu
https://www.youtube.com/watch?v=5Csd7jHMt14,kich-lua-moi-hot-dau-cang-lua-choe-lua-giong-gat-kich-hot-uc-che-luyen-choe-lua-hot-dau-murai-batu
https://www.youtube.com/watch?v=yYg6uwuNR4Y,lua-mai-hot-cuc-hay-kich-trong-nhanh-len-lua-muraibatubetina-shamabird
https://www.youtube.com/watch?v=yCaTo_IKx1U,choe-lua-hot-nhieu-giong-hot-dau-kich-lua-muraibatu-shamabird
https://www.youtube.com/watch?v=UCqz1L4Iz40,luyen-choe-lua-hot-dau-nhieu-giong-rung-choe-lua-hot-cang-tach-dap-duoi-kich-choe-lua-hot-murai-batu
https://www.youtube.com/watch?v=BqZmOPk-eGw,tieng-choe-lua-tach-kich-boi-len-lua-cuc-nhanh-kich-chim-hot-dau-muraibatu-shamabird
https://www.youtube.com/watch?v=hsMndQO2rEQ,choe-lua-hot-nhieu-giong-lien-tuc-30-phut-white-rumped-shama-murai-batu
https://www.youtube.com/watch?v=h_cpxtbz364,choe-lua-hot-sang-nhieu-giong-kich-choe-lua-hot-muraibatu
https://www.youtube.com/watch?v=gPNMkiFlejQ,lm-kich-choe-lua-hot-nhieu-giong-kem-mai-hot-kich-trong-cang-lua-choe-lua-hot-kich-cuc-nhay-muraibat
https://www.youtube.com/watch?v=PGvI5Zr3WSc,luyen-choe-lua-hot-giong-day-dai-choe-lua-tach-kich-lua-hot-nhieu-giong-choe-lua-hot-hay-murai-batu
https://www.youtube.com/watch?v=kVfyC0QXVg8,choe-lua-hot-giong-dai-keo-thuoc-lao-giong-rung-murai-batu
https://www.youtube.com/watch?v=iU9bbIF-K4A,chich-choe-lua-hot-chuyen-cuc-hay-kich-boi-mau-cang-lua
https://www.youtube.com/watch?v=D6FWXJnNAxc,choe-than-hot-dau-cang-lua-giong-rung-10-nam-tuoi-long-tieng-choe-than-moi-song-lau-nhat-viet-nam
https://www.youtube.com/watch?v=DMbCWHsFtAo,chich-choe-than-hotchoe-than-trong-hot-mai-cuc-sungquynh-mai-channel
https://www.youtube.com/watch?v=NVIz6i5fygw,choe-than-moi-chuan-khong-tap-am-p3
https://www.youtube.com/watch?v=AqMQUmpo3Rs,choe-than-hot-dau-sieu-cang-lua-luyen-giong-choe-than-buoi-sang-suara-burung-kacer-gacor-2021
https://www.youtube.com/watch?v=92vbBy23QAg,choe-than-hot-giong-rung-tieng-chim-chich-choe-than-choe-than-hot-kich-boi-choe-than-hot
https://www.youtube.com/watch?v=uTJ9fHY9CsY,324-choe-than-mai-moi-hot-kich-trong-len-lua-cuc-nhanh-sau-thay-long-phan-4-quyen-choe-than
https://www.youtube.com/watch?v=__4z_C7F3gY,chich-choe-than-hot-buoi-sang-hay-luyen-giong-chim-hot-hay-moi-ngay
https://www.youtube.com/watch?v=ILxVEm0NfKU,chich-choe-than-hot-giong-rung-hay-nhat-mp3-tieng-chim-chich-choe-than-hot-choe-than-hot-kich-boi
https://www.youtube.com/watch?v=KV0zMncTiew,choe-than-huyt-rit-che-kich-boi-uc-che-tieng-choe-than-goi-boi-kich-choe-than-boi-mau-mo-mo
https://www.youtube.com/watch?v=-cHZKu9_xBg,luyen-giong-choe-than-non-hay-nhat
https://www.youtube.com/watch?v=wYNfZFpD7dQ,choe-than-hot-chuyen-vo-so-giong-cuc-hay-tieng-choe-than-hot
https://www.youtube.com/watch?v=2M6BfoxbAi8,choe-than-hot-giong-runggiong-kepdung-luyen-choe-than-non-hot-giong-rung-choe-than-hot-giong-rung
https://www.youtube.com/watch?v=6SCvnzWGafQ,cach-tri-choe-than-trung-gio
https://www.youtube.com/watch?v=IjD5tiRIk4c,choe-than-chuyen-hot-kich-trong-nhanh-len-lua
https://www.youtube.com/watch?v=R9BQOjP3g1I,cho-e-than-ru-ng-ho-t-cu-c-phe-cho-e-than-ho-t-ngoa-i-tu-nhien-quye-n-cho-e-than
https://www.youtube.com/watch?v=9U3VhJJS50Y,mang-chim-choe-than-dat-di-do-t-chim-ngoai-tu-nhien
https://www.youtube.com/watch?v=BLp4jUaKclI,tieng-bay-choe-than-banh-te-hieu-qua-oriental-magpie-robin-sound
https://www.youtube.com/watch?v=dqIBjKuem0I,luyen-giong-choe-dat-kich-chich-choe-dat-tuan-mi
https://www.youtube.com/watch?v=MxapEFHEdmM,luyen-choe-than-dat-hot-giong-rung-cuc-hay
https://www.youtube.com/watch?v=WmevwopQ3xk,choe-dat-mai-hot-kich-trong-kich-boi-sung-chuan-giong-mai-rung
https://www.youtube.com/watch?v=EU9BOM72reY,tieng-chim-chich-choe-dat-moi-chuan-co-file-mp3
https://www.youtube.com/watch?v=2TUMdT4O3wM,choe-dat-hot-dau-cuc-hay-cuc-cang-lua
https://www.youtube.com/watch?v=4mZiQh2ytvY,tieng-chim-cut-moi-chuan
https://www.youtube.com/watch?v=wrtY41ss5s0,tieng-chim-cut-moi-chuan-hay-tai-file-mp3-ngay-de-di-rung-bay-100
https://www.youtube.com/watch?v=s9YJm8gOx6I,tieng-chim-cut-moi-chuan-cuc-nhay-bay-la-dinh-pao-vlogs
https://www.youtube.com/watch?v=2Jy5QuMnUY8,tieng-chim-cut-moi-cut-um
https://www.youtube.com/watch?v=0-Ojqq8IytE,tieng-cut-moi-chuan-nhat-2023-tieng-cut-rung-keu-moi-nqh82
https://www.youtube.com/watch?v=lmtNGr3j6Wg,tieng-chim-cut-trong-mai-goi-nhau-cuc-chuan-mp3-pao-vlogs
https://www.youtube.com/watch?v=Yy1EYyPpGg8,tieng-chim-cut-mai-chuan-khong-tap-am-daklak-nnt
https://www.youtube.com/watch?v=_66mEsJ70wI,tieng-chim-se-moi-chuan-va-tu-nhien-nhat-dai-60-phut-khong-quang-cao
https://www.youtube.com/watch?v=TpeRox1s_xI,tieng-chim-se-moi-goi-bay-chuan
https://www.youtube.com/watch?v=1R2_ihroxGI,tieng-chim-se-goi-bay-chuan-va-cuc-nhay-goi-la-ca-dan-bay-den-vua-rung-cat-ba
https://www.youtube.com/watch?v=-sxl9vTTj84,tieng-hot-chim-se-moi-qua-dinh
https://www.youtube.com/watch?v=BcOWyoo9A08,tieng-se-non-goi-me-cua-tho-bay-chim-xuong-sao-rat-nhanh
https://www.youtube.com/watch?v=2Ri7mvJBBIQ,chim-se-daklak-tieng-chim-se-rung-3
https://www.youtube.com/watch?v=BoORuEjn8SM,tieng-chim-se-gia-goi-dan-cuc-nhay-voi-se-tau-lon-kenh-bay-chim
https://www.youtube.com/watch?v=6XgU-RlCwg4,tieng-chim-moi-dat-bay-cuc-chuan
https://www.youtube.com/watch?v=DEXzKhexCAQ,tieng-chim-se-goi-bay-cuc-hay-tieng-chim-se-goi-dan-cuc-hay-vn24tv-channel
https://www.youtube.com/watch?v=zR2Yzu2XD2Q,tieng-chim-de-giun-goi-bay-chuan-file-1-kenh-bay-chim
https://www.youtube.com/watch?v=aKSE7_kPSiE,tie-ng-chim-se-da-goi-ba-y-cu-c-chua-n-chim-chi-chi-bac-ma
https://www.youtube.com/watch?v=fmqf-KIcxxI,duoi-chim-se-se-an-lua
https://www.youtube.com/watch?v=hNx2JvZOn2k,file-mp3-tieng-chim-se-moi-dung-de-bay-keo-chuan-nhat-2020-khong-tieng-on-bay-la-dinh-tiengchimhot
https://www.youtube.com/watch?v=U1RmbY8D2NE,tieng-chim-se-se-bay-dinh-100
https://www.youtube.com/watch?v=dYktPuZjptA,tieng-chim-se-se-moi-bay-keo-the-sound-of-birds-will-slingshot-baychim-sanban
https://www.youtube.com/watch?v=dDGLCN3SSRM,tieng-chim-se-se-moi-cuc-dinh-nam-2020
https://www.youtube.com/watch?v=Ik02fdbHYeo,tieng-chim-bim-bip-keu-tieng-chim-moi-anh-minh-hoa
https://www.youtube.com/watch?v=bQ_hDLNPPQ4,tieng-bim-bip-moi-cuc-chuan-thu-hut-chim-the-conglomerate
https://www.youtube.com/watch?v=2Esgj9jCIxg,tieng-bim-bip-chuan-va-tieng-nhai-keu-mp3
https://www.youtube.com/watch?v=fpBF1JL8v-Q,tieng-chim-bim-bip-moi-goi-dan-cuc-chuan
https://www.youtube.com/watch?v=_9Yu2z7Lu1g,tieng-bim-bip-moi-tieng-chuan-file-mp3
https://www.youtube.com/watch?v=O7Q9DwmPYw4,tieng-nhai-keutieng-nhai-bay-bim-bip
https://www.youtube.com/watch?v=9lqg-oFf4o0,tieng-keu-cua-ba-con-bim-bip-non-vn24tv-channel
https://www.youtube.com/watch?v=afMN6Htfkao,tieng-bim-bip-moi-trong-keu-cuc-nhay
https://www.youtube.com/watch?v=ga_X73Db05c,luyen-giong-chao-mao-hot-sang-hot-hay-cang-lua-che-chao-mao-luyen-giong-chao-mao
https://www.youtube.com/watch?v=1aay50F0icc,luyen-giong-chao-mao-hot-dau-moi-ngay-30-moi
https://www.youtube.com/watch?v=fBrBLPF_szc,tieng-chao-mao-mu-vip2020-do-duc-quyen-tv
https://www.youtube.com/watch?v=5iCNHyrkrtA,chao-mao-indonesia-hot-hay-tach-cuc-to
https://www.youtube.com/watch?v=0uK68eS7A8k,luyen-chao-mao-hot-sang-2020-giong-kep-xoan-hay-e-p-gio-ng-tuye-t-vo-i-luyen-chao-mao-hot
https://www.youtube.com/watch?v=bYRT-ovxy0Q,chao-mao-binh-dinh-so-giong-hay-che-dai-ngu-truong-canh-ruoi
https://www.youtube.com/watch?v=YokG_OufiQo,chao-mao-bach-tang-hot-che-cuc-hay-vua-tat-loai-chim-chao-mao
https://www.youtube.com/watch?v=RXihpaT98WU,luyen-chao-mao-hot-buoi-chieugiong-kep-xoan-tithot-cang-luachao-mao-moi-goi-boi-haychao-mao
https://www.youtube.com/watch?v=Ry0vqdmlAC0,tieng-ho-t-chim-cha-o-ma-o-moi-goc-lang-son
https://www.youtube.com/watch?v=el8J1d3jcVc,chien-binh-hac-long-tim-chu-phuong-da-nang
https://www.youtube.com/watch?v=viFJ84CGVgY,tieng-chim-chao-mao-bong-dan-chim-chao-mao-bong-cuc-dep-ngoai-tu-nhien-vn24tv-channel
https://www.youtube.com/watch?v=FREOaWQ_ERI,chao-mao-vangchao-mao-nui-goi-bay-giong-cuc-hay
https://www.youtube.com/watch?v=DGBef6rjzsk,chao-mao-trung-mang-hot-cuc-haydung-ep-chao-mao-non-ma-trang-hoc-giong-chao-mao-trung-mang-hieu-qua
https://www.youtube.com/watch?v=rhfCYgAnRYI,chao-mao-song-kon-hot-dau-2021-da-giao-luu
https://www.youtube.com/watch?v=qkWcRNR3mu8,chao-mao-non-tap-hot-luyen-giong-chim-chao-mao-ma-trang
https://www.youtube.com/watch?v=fFLGOY3KBMg,chao-mao-mai-hot-quyt-quiu
https://www.youtube.com/watch?v=MpOrUbTZQi4,video-luyen-chao-mao-dau-gian-chao-mao-chao-mao-dau-kich-chao-mao-hot-dau-thuc-boi-cang-lua
https://www.youtube.com/watch?v=m9_pVi5aCBo,giong-chao-mao-gia-rung-kich-boi-cang-lua
https://www.youtube.com/watch?v=wLKpyAjYIPM,luyen-chao-mao-hot-sang-2020-giong-chuong-kep-xoan-6789-hot-cang-luyen-chao-mao-hot-chao-mao
https://www.youtube.com/watch?v=QAPAvveqFQQ,chao-mao-mai-chao-mao-mai-kich-trong-nhanh-len-lua-bird
https://www.youtube.com/watch?v=J0xfO9W-2rI,luyen-chao-mao-ma-trang-hot-giong-hay-tuyet-am-kep-chuan-nhat-viet-nam
https://www.youtube.com/watch?v=HqhBWDf0Vv4,tieng-chim-chao-mao-goi-bay-keu-cuu-dung-de-bay-thong-mp3-file-doc-quyen-luoi-bay-chim-bon-mua
https://www.youtube.com/watch?v=hd1YWRAooG4,chim-chao-ma-o-moc-hot-chuye-n-dao-gio-ng-cu-c-ki-hay0386566352-0941139352-zalo
https://www.youtube.com/watch?v=rp42YmAxXDM,tieng-chim-chao-mao-bong-lau-chuan-bay-thong-rat-hay
https://www.youtube.com/watch?v=uShJ0xlI264,chao-mao-bay-dau-tuyen-duoc-boi-ma-trang-to-chat-thuc-su-cung-kha-kho-ae-a
https://www.youtube.com/watch?v=zvm5Vhs1_nI,chao-mao-moi-goi-boi-hot-hay-luyen-giong-kich-chim-nhanh-hot-cang-lua-chao-mao-chao-mao-hot-dau
https://www.youtube.com/watch?v=W6U_xbQJTmc,kich-chao-mao-boi-ra-giong-kich-chao-mao-hot-dau-kich-chao-mao-boi-hot-chao-mao-hot-dau-chao-mao
https://www.youtube.com/watch?v=1gGf29ZqjE8,tieng-chim-chao-mao-nui-goi-bay-mien-phi-moi-nhat-black-crested-bulbul
https://www.youtube.com/watch?v=GUtbhQiDymg,tieng-chao-mao-xanh-goi-dan-hay-nhat-kenh-chim
https://www.youtube.com/watch?v=6LYxpdnpgTI,luyen-chao-mao-hot-sang-giong-che-dai-qua-hay-kich-boi-cang-det-luyen-chao-mao-hot-sang-cang-lua
https://www.youtube.com/watch?v=ICFgFIzQh14,luyen-chao-mao-hot-giong-rung-nhieu-giong-cuc-hayluyen-giong-chao-mao-nonkich-chao-mao-hot-theo
https://www.youtube.com/watch?v=RKwEIf3qc2g,chao-mao-hot-goi-bay
https://www.youtube.com/watch?v=AFgKKEShlxA,kich-chao-mao-boi-ra-giong-luyen-am-5-6-7-kich-lua-chao-mao-hot-sang-chao-mao-hot-kich-chao-mao
https://www.youtube.com/watch?v=-vFgZsO6Gbs,chim-cha-o-mao-bong-go-i-ba-y-cu-c-chua-n-kenh-chia-se-tie-ng-chim
https://www.youtube.com/watch?v=2ndRQb3qcc8,tieng-chim-chao-mao-hot-giong-kep-cuc-hay-luyen-giong-chao-mao-hot-sang-kich-boi-nhanh-so-giong
https://www.youtube.com/watch?v=PSJSkElu0os,chao-mao-hue-so-giong-dai-am-9101112-chuan-rungep-ma-trang-chao-mao-non-hoc-giongchao-mao
https://www.youtube.com/watch?v=ZvSZjQQvdzA,luyen-chao-mao-hot-sang-qua-hay-chao-mao-mo-i-go-i-bo-i-ve-dau
https://www.youtube.com/watch?v=42Pe7pe5NzQ,chao-mao-mai-kich-trong-cang-lua-cach-kich-lua-chao-mao-so-bong-hot-che-chaomaohot
https://www.youtube.com/watch?v=u5xktUm9_Fc,tieng-ke-kich-chao-mao-trong-hot-dau
https://www.youtube.com/watch?v=IUhFbKzkWTA,chao-mao-hot-dau-sang-chao-mao-hot-sang-luyen-giong-kich-boi-hot-dau-cang-lua-chao-mao-hot-sang
https://www.youtube.com/watch?v=qmTYXBDKmEY,chao-mao-chao-mao-luyen-giong-chim-hue-giong-xoan-kep-789-cuc-hay
https://www.youtube.com/watch?v=wZG5pmlQBe8,luyen-chao-mao-hot-giong-dai-kich-lua-chao-mao-hot-chao-mao-hot-am-dai-7-8-9-kich-chao-mao-so-giong
https://www.youtube.com/watch?v=5XVvx2I2v_c,chim-chao-mao-giong-kinh-kich-trong-cang-lua-100-moi
https://www.youtube.com/watch?v=qBzehD0VuTg,chao-mao-hue-hot-nhieu-giong-so-am-9101112-chuan-rungdung-luyen-chao-mao-non-hoc-giong
https://www.youtube.com/watch?v=g3CmMF-949M,tieng-chim-cuoc-moi-2018
https://www.youtube.com/watch?v=XhkS0yQAors,audio-am-duong-tieng-chim-quoc-goi-bay-moi-chuan-bay-tot-vlog-dst
https://www.youtube.com/watch?v=5FVkDh2h75M,tieng-chim-quoc-bien-goi-bay-chuan-nhat-trich-re
https://www.youtube.com/watch?v=CX0EGtonmM0,tieng-chim-quoc-danh-dem-chuan-ban-danh-luoi-dem-kenh-bay-chim
https://www.youtube.com/watch?v=rRxbvSJdQk4,tieng-chim-quoc-mai-moi-cuc-hay-chua-n-mp3
https://www.youtube.com/watch?v=uwHtyAQRhjc,tieng-quoc-nuoc-rat-hay
https://www.youtube.com/watch?v=I9U7GPVgFE4,tieng-chim-trang-nghich-quoc-hoa-ban-danh-ngay
https://www.youtube.com/watch?v=OqN2KqSenME,tieng-quoc-beo-quoc-boi-mien-phi-danh-cho-anh-em-bay-chim-di-cu-ban-dem
https://www.youtube.com/watch?v=Feeo3RJ0lJg,bay-quoc-tieng-chim-quoc-chuan-de-bay-2018-easy-bird-trap
https://www.youtube.com/watch?v=WSnF2of_P5A,tieng-chim-quoc-kep-tieng-quoc-con-chuan-cho-anh-em-bao-dinh
https://www.youtube.com/watch?v=2oGhUSWRd5I,tieng-quoc-trong-chuan-2018
https://www.youtube.com/watch?v=dtvzHYvv1Zc,tieng-chim-quoc-chim-cuoc-keu-moi-chuan-2020
https://www.youtube.com/watch?v=spY614rIz54,da-da-gay-ca-lam-3-ta-lo-tieng-coc-co-tuc-rec-dung-kich-boi
https://www.youtube.com/watch?v=Ahoic_2Mytw,tieng-da-da-mai-sieu-quet-du-boi-khong-tap-am-chuyen-dung-bay-boi-tran-kich-boi
https://www.youtube.com/watch?v=WPqiA3504K8,tieng-chim-da-da-moi-kich-boi
https://www.youtube.com/watch?v=wkOiFnajw_Q,tieng-chim-da-da-trong-kem-toc-co-khong-tap-am-danh-cho-ae-bay-loa
https://www.youtube.com/watch?v=rCxwEpmn7_w,tieng-chim-trao-trao-moi-chuan-2023
https://www.youtube.com/watch?v=skmqtbBX9IM&t=2s,tieng-hoanh-hoach-keu-chuan-nhu-moi-danh-chim-sap-bay-hoanh-hoach-moi-chuan
https://www.youtube.com/watch?v=8IMkUklLtPo,chim-trao-trao-chim-hoanh-hoach-keu-moi
https://www.youtube.com/watch?v=kbIh8tdeG38,tieng-hoanh-hoach-keu-chuan-nhu-moi-danh-chim-sap-bay-hoanh-hoach-moi-chuan
https://www.youtube.com/watch?v=6b_9HyYl7tY,tieng-chim-hoanh-hoach-thom-moi-hot-chuan-2021-chuyen-dung-bay-kich-lua-chim-boi
https://www.youtube.com/watch?v=mPhZkonmRqc,tieng-chim-hoanh-hoach-chim-trao-trao-moi-hay-nhat-2022
https://www.youtube.com/watch?v=Fe0sUq2QERg,tieng-chim-trao-trao-moi-goi-bay-cuc-hieu-dung-de-bay-san-bat-hay-nhat-2019
https://www.youtube.com/watch?v=p7wXtPnkEIg,tieng-chim-hoanh-hoach-thom-goi-bay-tieng-chim-moi-cuc-chuan-dung-de-bay
https://www.youtube.com/watch?v=-JXZBLYHnj0,video-29-tieng-trao-trao-quach-moc-hoanh-hoach-moc-mp3
https://www.youtube.com/watch?v=9D77FJQuLoo,hoanh-hoach-dau-trang-liu-chim-trao-trao-trong-dam-me-doc-la
https://www.youtube.com/watch?v=gIbCOzKiMyQ,chim-hoanh-hoach-dau-den-moi-ra-dong
https://www.youtube.com/watch?v=9dwK6912PBg,tieng-trao-trao-dau-vang-bay-cuc-ky-nhay-nha-anh-em-2020
https://www.youtube.com/watch?v=dHPMkDxXEhk,tieng-trao-trao-keu-cuu
https://www.youtube.com/watch?v=IRALR-0x6k4,chim-khuou-hot-hay
https://www.youtube.com/watch?v=WB2QuzKUP60,tieng-chim-khuou-dau-xam-hay-con-goi-la-khuou-dat-khuou-cho
https://www.youtube.com/watch?v=aGiAf8U_Pvg,tieng-chim-bo-chaokhuou-dau-trang-hot
https://www.youtube.com/watch?v=Q8BKg2SThZQ,khuou-da-bo-hot-mua-canh-dai-bang
https://www.youtube.com/watch?v=CYTtbShlEI0,khuou-mai-moi-ro-kich-trong-hot-that-hay-va-cang-lua
https://www.youtube.com/watch?v=k66yn6rHoUE,khuou-bac-ma-hot-mua-giong-dai-khuou-hot-to-nhieu-giong-kich-boi-cuc-nhanh-cuc-sung
https://www.youtube.com/watch?v=irL5aHiDtlc,phan-3-khuou-hot-giong-rung-kich-khuou-boi-luyen-khuou-boi-hot-nhanh-cang-lua-khuou-khuou-ba
https://www.youtube.com/watch?v=WzDxfz5YiJk,luyen-khuou-hot-giong-rung-bat-co-troi-cot-sieu-toc-kem-tieng-mai-ro-ro-kich-boi-cuc-nhanh
https://www.youtube.com/watch?v=gEGf3muGiB0,khuou-hot-giong-rung-cuc-hay-luyen-khuou-hot-dau-cuc-dinh-clb-chim-canh-dat-viet-ep07
https://www.youtube.com/watch?v=DlE2nNzkD0o,luyen-giong-khuou-hot-hay-dao-giong-co-bat-co-troi-cot
https://www.youtube.com/watch?v=b3lCttzeeDM,khuou-moi-trong-mai-hot-goi-boi-cuc-nhanh
https://www.youtube.com/watch?v=MzQBelhbVaI,khuou-mai-ro-ro-kich-trong
https://www.youtube.com/watch?v=9gN3nQ1pyts,khuou-hot-sang
https://www.youtube.com/watch?v=bBUjkFhg80M,giong-hot-chim-khuou-lua
https://www.youtube.com/watch?v=TivI75m8v9I,khuou-hot-giong-rung-hot-dau-kich-khuou-hot-mua-kich-khuou-boi-luyen-khuou-boi-hot-cang-lua
https://www.youtube.com/watch?v=Qb7q6ueLEfY,khuou-mun-hot-mua-cuc-hay
https://www.youtube.com/watch?v=Hoj1fA6DGLg,khuou-dau-bac-hot-giong-chuan-rung-nhu-dai-lien-luyen-giong-boi-30phut-moi-ngaykyhoangtv
https://www.youtube.com/watch?v=lO3-bLEQ0v0,khuo-u-da-u-ba-c-chim-bo-chao-mai-ho-t-kich-tro-ng-cuc-phekyhoangtv
https://www.youtube.com/watch?v=pJI_DslfStY,chim-khuou-hot-mua-sieu-kich-boi-khuou-bac-ma-hot-cuc-sung-kich-boi-qua-ok
https://www.youtube.com/watch?v=uCIk5N_DuA4,khuou-mun-hot-keo-thuoc-lao-meo-keu-cac-kieu-giong-bat-co-troi-cot-cuc-hay
https://www.youtube.com/watch?v=0czjqCR64jA,khuou-hot-kho-qua-kho-qua
https://www.youtube.com/watch?v=kpbc41bSK-s,khuou-khoang-co-hoa-mi-dat-hot-dau-am-thanh-bay-kich-boi
https://www.youtube.com/watch?v=Y_JtaxTmimI,khuou-mai-khec-ro-kich-trong-hot-to
https://www.youtube.com/watch?v=Ao6fvNMNZ3c,khuou-dat-hot-mua-khuou-dau-xam-dam-me-doc-la
https://www.youtube.com/watch?v=ZH8aX0vVE3g,chim-khuou-dau-den-ma-xam-hot-hay-file-mp3-bay
https://www.youtube.com/watch?v=m2Nz1DDXZd8,khuou-trong-mai-hot-mua-60-phut-nhieu-chat-giong-thuc-boi-len-lua-cuc-nhanh
https://www.youtube.com/watch?v=MOAbBVkOfkw,khuou-dau-bac-chim-bo-chao-kich-boi-hot-dau-cuc-sung-kyhoangtv
https://www.youtube.com/watch?v=EDF54yple7g,chim-bo-chao-mai-hot
https://www.youtube.com/watch?v=4zcq8HkD8Bg,tieng-bo-chao-khuou-dau-trang-goi-bay-khong-tap-am-ban-1-tieng-goi-kenh-bay-chim
https://www.youtube.com/watch?v=8r1PTp6wYGA,tieng-bo-chao-cho
https://www.youtube.com/watch?v=sQbTP6CZuTc,tieng-chim-bo-chao-moi-chuan-khong-tap-am
https://www.youtube.com/watch?v=zJ3dKaYm4Ws,tieng-vet-ket-keu-tieng-vet-goi-bay-hay-nhat-parrot-sound
https://www.youtube.com/watch?v=Oy_sr0-kbbY,con-vet-khong-lo-biet-noi-tieng-nguoi-cua-dai-gia-sai-gon
https://www.youtube.com/watch?v=KgRSpboKXkk,tieng-vet-ket-goi-bay-mp3-ban-moi-nhat-2020-co-link-tai-kenh-bay-chim
https://www.youtube.com/watch?v=DuNQ7RiMVS4,vet-nguc-hong-noi-chuyen-sieu-de-thuong
https://www.youtube.com/watch?v=hrwoKwpBKZI,tieng-vet-dau-xam-moi
https://www.youtube.com/watch?v=qkkiQ5-sY00,vet-mat-troi-sun-conure-voi-tieng-keu-dac-trung-va-mau-vang-choi-tu-nam-my
https://www.youtube.com/watch?v=s55YXbE6bdQ,vet-mau-don-hot-sieu-dinh
https://www.youtube.com/watch?v=BeTW5XnyBsE,tieng-vet-dau-xam-vet-duoi-dai-keo-dau-xam-hot-slaty-head-parakeet-voice
https://www.youtube.com/watch?v=GLg_kqGaJ-E,tieng-chim-trich-re-chuan-nhat-hien-nay-boi-ve-da-banh-loa
https://www.youtube.com/watch?v=2_inDTQLazY,tieng-chim-trich-re-keu-moi-chuan-2020
https://www.youtube.com/watch?v=rgf7r4KYz3Q,tieng-trich-re-moi-goi-bay-chuan-dung-de-moi-bay-lup-bay-vong-bay-hieu-qua-nhat-2020
https://www.youtube.com/watch?v=S_igjFNQj14,tieng-chim-trich-co-keu-moi-chuan-2020
https://www.youtube.com/watch?v=WX7CNY5EQsM,tai-tieng-trich-kich-trich-re-moc-quoc-bien-phien-ban-thai-lan-mien-phi
https://www.youtube.com/watch?v=riSxXprxf6A,tieng-chim-tu-hu-hay-nhat-ban-da-test-an-chim-nha-man
https://www.youtube.com/watch?v=fbdLeZAHDZQ,tieng-chim-tu-hu-moi
https://www.youtube.com/watch?v=W4Kx-SxW-f0,tieng-chim-tu-hu-goi-bay-khong-tap-am-tieng-chuan-2019
https://www.youtube.com/watch?v=T4yAT9eYqxU,tieng-chim-oc-mit-dung-de-kich-trong
https://www.youtube.com/watch?v=YIyp2PjI_cU,tieng-chim-oc-mit-moi-bay-cuc-nhay-khong-tap-am-bay-la-dinh-100-bao-nhay
https://www.youtube.com/watch?v=5jL1cw9fJOo,tieng-chim-oc-mit-moi-chuan-khong-tap-am-bay-cuc-dinh-trap-bird-sound-ktb
https://www.youtube.com/watch?v=xNEkg4bS2O0,chim-oc-mit-mai-kich-trong-cuc-sung
https://www.youtube.com/watch?v=RbX1MyBx5zg,tieng-chim-oc-mit-chit-goi-bay
https://www.youtube.com/watch?v=L7FoBQzq7A0,tieng-chim-en-moi-tieng-chim-en-goi-bay-chuan-khong-lan-tap-am
https://www.youtube.com/watch?v=-GWt49AvBLg,file-mp3-tieng-chim-en-den-nguc-trang-goi-bay-chuan-nhat-2020-khong-tieng-on
https://www.youtube.com/watch?v=4cQd6WP04L4,tieng-chim-en-nguc-rang-nguc-vang-goi-bay-dan-moi-chuan-nhat-2021-am-thanh-chuan-dantocthaivtv
https://www.youtube.com/watch?v=DjEgCIKOtNo,tieng-chim-vac-moi-nycticorax-nycticorax
https://www.youtube.com/watch?v=WhwrhD5GH8Q,tieng-vac-goi-bay-chuan-moi-nhatthang-3
https://www.youtube.com/watch?v=La9Q7J4Jl6U,phi-nhung-phuong-my-chi-tieng-vac-sanh-live-show-htqt-3
https://www.youtube.com/watch?v=Y6vBZYvTsZo,tieng-chim-vac-keu-moi-chuan-2020
https://www.youtube.com/watch?v=Gnf1Z144_mE,tieng-vac-goi-bay-danh-luoi-dem-an-am-thanh-cuc-ky-hap-dan-cuc-xung
https://www.youtube.com/watch?v=WsKl8xxCsEw,luyen-chim-sao-hot-cuc-hay
https://www.youtube.com/watch?v=qlWO34r9cZI,chim-sao-noi-tieng-nguoi-sieu-gioi
https://www.youtube.com/watch?v=GwhQztIRDaE,tieng-chim-sao-den-hot-nhieu-giong-cuc-hay
https://www.youtube.com/watch?v=6Qt8kLxaP48,chim-sao-keu-tieng-sao-nau-hot-hay
https://www.youtube.com/watch?v=PR0W9Q9dSCU,tieng-sao-nau-goi-dan-dai-hon-mot-tieng-dung-de-moi-chim
https://www.youtube.com/watch?v=GGaAAORn63A,chim-sao-da-hot-nhieu-giong-cuc-hay
https://www.youtube.com/watch?v=dqdNq7kUE1E,tieng-sao-sau-dung-de-bay-2021-ptgioka
https://www.youtube.com/watch?v=b2Av6XP7OsE,tieng-sao-nau-moi
https://www.youtube.com/watch?v=9i3XWyce72Q,tieng-chim-sao-sao-nghe-hot-chuan
https://www.youtube.com/watch?v=YCWqR8kZCmI,cach-nhan-biet-trong-hay-mai-sao-den-trau
https://www.youtube.com/watch?v=oMdGphHUFzA,tie-ng-chim-sa-o-da-sa-o-da-u-tra-ng-2020
https://www.youtube.com/watch?v=0CP6CinjIkw,tieng-rung-ns-trung-sao-tac-pham-sao-meo-dac-sac-suab-toj-siab-raj-npaim-hmoob
https://www.youtube.com/watch?v=ZB5_Kwwb8ac,bat-co-troi-cot-loai-chim-chi-can-nghe-tieng-la-biet-ten
https://www.youtube.com/watch?v=GcivwP0OEoA,luyen-chim-hot-hay-kich-thich-cang-lua-bao-kich-tat-ca-cac-loai-chim-hot
https://www.youtube.com/watch?v=uM2sjxKcYk8,tieng-chim-rung-hot-liu-lo-hay-nhat-am-thanh-giup-thien-nhac-tap-yoga
https://www.youtube.com/watch?v=Z2S4qJPSPiE,tieng-chim-hot-riu-rit-trong-vuon-hoa-xuan-tre-em-nghe-rat-hay
https://www.youtube.com/watch?v=Y_Iq73Yr8x8,tieng-chim-hot-buoi-sang-trong-lanh-cho-mot-ngay-day-nang-luong
https://www.youtube.com/watch?v=_LzqmzXdBPc,tieng-chim-cu-gay-kich-boi-nghe-nhanh-noi-am-thanh-bay-chim-cu-gay
https://www.youtube.com/watch?v=j0RTiOXU0u8,tieng-chim-hoanh-hoach-keu-cuu-goi-bay
https://www.youtube.com/watch?v=0wKvZxwqQzM,tieng-chim-cu-gay-moi-chuan-dinh-nhat
https://www.youtube.com/watch?v=tQgehsiJdD4,tieng-chim-rung-hot-liu-lo-hay-nhat-am-thanh-giup-thien-nhac-tap-yoga
https://www.youtube.com/watch?v=9ZiquKlNA74,chao-mao-non-tap-hot-cuc-hay
https://www.youtube.com/watch?v=mymTRUkeaTM,tieng-vac-co-lua-luoi-dem-chuan-mp3-moi-nhat-2021-khong-tap-am
https://www.youtube.com/watch?v=sy-vUKFyrEY,thu-gian-voi-tieng-chim-hot-cuc-hay
https://www.youtube.com/watch?v=fb0DN7SdJf4,tieng-nuoc-suoi-chay-roc-rach-chim-hot-trong-rung-nhac-thu-gian-de-ngu-ngon-nhac-thien-tap-yoga
https://www.youtube.com/watch?v=-s8ilJQu9og,tieng-chim-hot-trong-rung-di-vao-giac-ngu-voi-am-thanh-cua-nui-rung
https://www.youtube.com/watch?v=OiEH031X1qA,tieng-chim-cu-lon-sat-thu-bong-dem
https://www.youtube.com/watch?v=nTdLVlMQ0SU,chim-tu-sac-hot-liu-kich-boi-cuc-xung-dam-me-doc-la
https://www.youtube.com/watch?v=srr6wrkhcQ0,tieng-chim-cu-ngoi-keu-moi-chuan-2020
https://www.youtube.com/watch?v=raynZ2W-vPo,tieng-chim-nhat-hoa-re-giun-chuan-cho-anh-em-danh-chim-dem-thu-hoach-day-bao-file-so-3
https://www.youtube.com/watch?v=c064pDR0xQY,tieng-chim-sau-keo-don-moi-2018